id;visa_status;company;member_level;mobile_phone;family_relation;parent_id;occupation;k_first_name;k_last_name;e_first_name;e_last_name;previous_church;car_number_1;email;province;postal_code;country;service_exp;street_1;gender;date_of_birth;photo_url;acquaintance;home_phone;street_2;car_number_2;baptism_type;baptism_churh;baptism_year;registration_date;is_delete;is_submit;person_id;is_member;note
1;WorkPermit;Home Loan Account Table Computer;InternPastor;Savings Account alarm;Tasty Metal Bacon;red Chips Soap;Home Loan Account;web-readiness;Namibia;Steel zero administration;Multi-channelled Licensed;grey Cambridgeshire;Canyon HDD;Cecile1@hotmail.com;Usability South Dakota envisioneer;Intelligent;Palestinian Territory;infomediaries;Investment Account;Games Regional Digitized;2019-07-16;hardware Costa Rica Mayotte;Industrial;connect Markets Chief;capacitor archive;sky blue Tasty Plastic Pizza;InfantBaptism;compelling mission-critical;54269;2019-07-16;false;false;Car Industrial deliverables;orange Books;magenta monitor 1080p
2;Citizen;generating Highway Ergonomic;OrdainedDecacon;New York tangible Mississippi;Frozen bus;hard drive Robust Networked;Poland;Small partnerships;Outdoors;Harbor Montana;Corporate Phased relationships;white Brand Money Market Account;Salad Web virtual;Benedict_Swaniawski@yahoo.com;maroon;EXE projection Fresh;Guatemala;Direct;Profit-focused;Jewelery cutting-edge;2019-07-16;Hat;supply-chains magenta;encompassing;Directives;sky blue;Confirmation;Versatile Exclusive Moroccan Dirham;71227;2019-07-16;false;false;Computers Personal Loan Account Berkshire;Home;Investor Public-key
3;WorkPermit;Designer Persistent;Paster;web-enabled invoice withdrawal;bypassing optical;installation;Argentine Peso;Kentucky Algerian Dinar Clothing;open-source turn-key;Sausages;disintermediate Cambridgeshire hacking;bricks-and-clicks Concrete Global;Fiji Dollar Profound Bacon;Kaylah.Larkin@hotmail.com;Executive;Customer Human deposit;Greenland;cross-media;programming SCSI drive;invoice Unbranded Cheese;2019-07-16;Home Loan Account Tools Unbranded;Supervisor clear-thinking;Latvia;Ports Manager Fish;Networked;Confirmation;payment calculating;65761;2019-07-16;true;true;Berkshire;dedicated Persevering;Coordinator Cambridgeshire Investor
4;Visitor;Libyan Dinar CSS;Elder;Alaska;deposit Chips Applications;uniform PCI back up;Tactics architectures Planner;Facilitator Incredible functionalities;compressing;Bedfordshire;Maryland Configuration;Intranet Ergonomic Concrete Soap Zambian Kwacha;Concrete Bedfordshire;Enid_Robel13@hotmail.com;array France protocol;open-source HDD;Turkey;Avon;Auto Loan Account olive;Yen;2019-07-16;Human;Tools California;North Dakota Garden;Towels Specialist;Utah Computers Small Fresh Gloves;Baptism;compress lavender Investment Account;8534;2019-07-16;false;false;relationships Philippine Peso;panel;Analyst card Licensed Cotton Ball
5;Visitor;Chips;GeneralServant;Som Rustic Frozen Keyboard ROI;Benin;Tuna Response invoice;alarm Jamaica;system Gorgeous Rubber Pants;hack;leading-edge;Ergonomic Steel Gloves;Developer Shoes Music;Buckinghamshire Hollow Shoes;Lysanne61@yahoo.com;invoice Gorgeous Cotton Chair Personal Loan Account;Cambridgeshire Norfolk Island;Palestinian Territory;Checking Account;invoice Outdoors New York;multi-byte Jamaican Dollar North Carolina;2019-07-17;haptic parsing;revolutionize Branding;teal analyzing yellow;Books Generic;robust withdrawal generate;Baptism;Solomon Islands Dollar;34833;2019-07-16;true;true;system;Specialist China deliverables;multi-byte Producer
6;PermenantResident;user-centric Infrastructure;Elder;Fantastic;Liechtenstein Buckinghamshire monetize;Direct;Small Frozen Salad bypassing;time-frame Quality;Borders Borders Practical;methodical;Pakistan;parse;neural Wooden Optimization;Anastasia.Zieme@hotmail.com;circuit Guam;Frozen Metal program;Nauru;Refined Practical Algerian Dinar;revolutionize;panel Sleek Intelligent;2019-07-16;exploit transition;User-centric Principal Pennsylvania;repurpose Sleek;mesh system Triple-buffered;Cotton;Confirmation;Handmade Wooden Cheese Fresh;64921;2019-07-16;true;true;Versatile seize;asymmetric EXE;web services
7;WorkingHoliday;Principal Senior;InternPastor;Sleek Tuna magenta;Wells;Naira iterate;Unbranded Plastic Chips Brand Regional;Generic B2B;olive;facilitate Persevering;Fantastic;zero defect Ridges Beauty;groupware;Leatha16@hotmail.com;Senior;Usability models New Mexico;Turks and Caicos Islands;Unbranded SCSI;Rustic Steel Shirt drive;Ways Liaison engage;2019-07-16;redefine transmitting;bypassing Bypass;Plastic Movies;SMS;Zimbabwe parse Customer;InfantBaptism;enhance Multi-channelled purple;25144;2019-07-16;false;true;Synergized;calculate Fantastic Concrete Computer Baby;Kyrgyz Republic transmit
8;Visitor;California PNG engage;GeneralServant;transmit Credit Card Account;digital Corporate Checking Account;seamless New York mesh;Unbranded array;Berkshire solid state;middleware Switzerland;Data Granite Configuration;compress Practical Steel Chips;Berkshire concept;Illinois robust;Braulio58@yahoo.com;enable;deposit Chicken best-of-breed;Tokelau;Mission Rand Soap;Automated;Pants even-keeled Chair;2019-07-17;Granite Island;Regional;Bedfordshire;alliance Licensed Plaza;Sleek GB Regional;InfantBaptism;primary quantify Chips;20934;2019-07-16;false;true;Polarised navigate;Roads bypass;Concrete
9;WorkPermit;connecting generate Music;None;interface;Toys;overriding;internet solution;Total;Investment Account Indian Rupee;withdrawal Club Nebraska;Nevada quantify architectures;empower;customized payment;Deion_Hermann@yahoo.com;Personal Loan Account;Music;Cyprus;24/7;Pizza blue;digital;2019-07-17;bypassing Sleek Steel Shirt Rand Namibia Dollar;Fresh incubate Agent;Jewelery Engineer Bedfordshire;Tanzanian Shilling Assurance Nebraska;Gardens synthesizing;InfantBaptism;system;19950;2019-07-16;true;false;Metal Auto Loan Account;Awesome;Sausages Haven
10;None;Rubber Awesome Frozen Mouse;None;Customer-focused;Shoes Rubber Mall;users scalable;transmitting parse infrastructures;matrix Implementation Shirt;Mobility;Arizona synthesizing Fresh;override back-end hacking;open-source;payment National;Serena_McGlynn@gmail.com;Lights interface Central;intranet index;Libyan Arab Jamahiriya;Grass-roots Regional;Mali Unbranded Concrete Soap;Cotton Tactics;2019-07-16;cross-media Wooden optical;Borders reboot;mobile Cheese;program;hack Electronics Oklahoma;None;Fantastic indexing;12748;2019-07-16;false;true;Cameroon Bedfordshire models;driver payment Mexican Peso Mexican Unidad de Inversion (UDI);port Money Market Account
